Accuracy (Top 5),Accuracy (Top 10),Accuracy (Top 25)
0.8127490039840638,0.8764940239043825,0.9482071713147411
