Accuracy (Top 5),Accuracy (Top 10),Accuracy (Top 25)
0.7540983606557377,0.8688524590163934,0.9508196721311475
