Accuracy (Top 5),Accuracy (Top 10),Accuracy (Top 25)
0.8007968127490039,0.8446215139442231,0.9601593625498008
