Accuracy (Top 5),Accuracy (Top 10),Accuracy (Top 25)
0.3770491803278688,0.4098360655737705,0.8032786885245902
