Accuracy (Top 5),Accuracy (Top 10),Accuracy (Top 25)
0.8032786885245902,0.8688524590163934,0.9508196721311475
