Accuracy (Top 5),Accuracy (Top 10),Accuracy (Top 25)
0.8524590163934426,0.9180327868852459,0.9836065573770492
