Accuracy (Top 5),Accuracy (Top 10),Accuracy (Top 25)
0.9482071713147411,0.9721115537848606,0.9960159362549801
